title,company,location,link
데이터 분석가/사이언티스트(신입/인턴 가능),쏘카,대한민국,https://kr.indeed.com/viewjob?jk=55584c627df1acaa
"빅데이터, 인공지능(AI) 외 신입/경력 인턴",스칼라웍스,대한민국,https://kr.indeed.com/viewjob?jk=dfb20fa220f3c478
Internship Opportunity with Green Growth Performance Measurement,Global Green Growth Institute,대한민국,https://kr.indeed.com/viewjob?jk=c4df94a9f15d671b
각 부문별 수시,KIS채권평가,대한민국,https://kr.indeed.com/viewjob?jk=330617e8381fbee6
에너지경제연구원 위촉연구원(에너지통계연구팀),에너지경제연구원,울산광역시,https://kr.indeed.com/viewjob?jk=4042ba406253da29
"Engr, Tech Supp 3",KLA-Tencor,대한민국,https://kr.indeed.com/viewjob?jk=233bbfd9781e846d
"Engr, Apps Dev 2",KLA-Tencor,대한민국,https://kr.indeed.com/viewjob?jk=ab38178e6071aa0f
[타다]데이터 분석가/사이언티스트,쏘카,대한민국,https://kr.indeed.com/viewjob?jk=3330430ae94277db
SPD Application Engineer,Applied Materials Inc.,대한민국,https://kr.indeed.com/viewjob?jk=5d5679fc921aba56
[EY한영] 금융감사본부 Data Analytics 전문 경력직 모집,Ernst & Young,대한민국,https://kr.indeed.com/viewjob?jk=e934bb33ef71dacb
AI/Data Scientist 경력직,SK건설,대한민국,https://kr.indeed.com/viewjob?jk=18dfa5323b2713fe
Applied Data Scientist,dunnhumby,서울,https://kr.indeed.com/viewjob?jk=f10a132f53b6307d
글로벌 소셜카지노 부문 사업PM,네오위즈,대한민국,https://kr.indeed.com/viewjob?jk=4665562997b87ff0
프랭클린템플턴투신운용 Junior Trader (Quant base 필수),프랭클린템플턴투신,대한민국,https://kr.indeed.com/viewjob?jk=4adac8923476d038
"Design Consultant, Staff",Synopsys,대한민국,https://kr.indeed.com/viewjob?jk=7e9a745cd8bdcbe3
AI 분야 경력,LG CNS,서울특별시,https://kr.indeed.com/viewjob?jk=c8bf4fa58999927f
[전문연구요원] 상시 (전직),네이버랩스,경기도,https://kr.indeed.com/viewjob?jk=14b591547a3b9df5
지능형자동차부품진흥원 인력,지능형자동차부품진흥원,대구 달성군,https://kr.indeed.com/viewjob?jk=fd0194167a01fed0
Machine Learning Researcher (Intern),Qualcomm Korea YH,서울,https://kr.indeed.com/viewjob?jk=0f7993638aee82bd
퀀트운용팀 (사원-대리급),신한비엔피파리바자산운용,대한민국,https://kr.indeed.com/viewjob?jk=9040dba1c8db2a5d
알고리즘/투자,쿼터백자산운용,대한민국,https://kr.indeed.com/viewjob?jk=85f599b637702b35
데이터 엔지니어(신입/경력),쏘카,대한민국,https://kr.indeed.com/viewjob?jk=05aa5498d84c58e1
DGIST 2019년 제1차 계약직원 공개채용 공고,대구경북과학기술원,대구 현풍면,https://kr.indeed.com/viewjob?jk=4cd34228af5013fd
Perception Software Engineer - Autonomous Vehicles,NVIDIA,대한민국,https://kr.indeed.com/viewjob?jk=94e6b51a16f4a0f6
사내 및 서비스 보안 담당자 (경력),네오위즈,대한민국,https://kr.indeed.com/viewjob?jk=cd40cf786e32f325
DBA 엔지니어,쏘카,대한민국,https://kr.indeed.com/viewjob?jk=d748c217f78dbd58
Developers,Coinplug,경기도 성남,https://kr.indeed.com/viewjob?jk=9a9e91ae6092ed2d
[고경력자의 경우 시간단축] 홈페이지 개발 및 관리 웹프로그래머,규,대한민국,https://kr.indeed.com/viewjob?jk=44b27e9dde454c6a
Data Scientist,Boston Consulting Group,서울,https://kr.indeed.com/viewjob?jk=ce6747e77c861c46
(광주취업맛집1위)2021년도 국비 기술교육생,대한상공회의소 광주인력개발원,광주 광산구,https://kr.indeed.com/viewjob?jk=5c7ce2a8bacecf7d
2021년 (신입) 전문연구요원 모집,NHN,성남 판교역,https://kr.indeed.com/viewjob?jk=9acc17c535b42959
카카오 데이터의 가치를 발굴할 데이터 분석가 모집,카카오,성남 판교역,https://kr.indeed.com/viewjob?jk=2b2dcd3ffe3d53df
"Application Engineer South Korea (Physics, EE)",Zurich Instruments,대한민국,https://kr.indeed.com/viewjob?jk=444320d2e49672dc
데이터 마케팅(분석/모델링) 전문가,LG전자,서울 영등포구,https://kr.indeed.com/viewjob?jk=9edef5cb1029c4c1
"Software Engineer, Machine Learning",Google,서울,https://kr.indeed.com/viewjob?jk=4f319862856fe9c1
데이터 사이언스(데이터 모델링 및 추천 모델링),NHN,성남 판교역,https://kr.indeed.com/viewjob?jk=da5c549bf1a76ded
[전문연구요원] 빅데이터 엔지니어(신입/경력),웹젠,성남 분당구,https://kr.indeed.com/viewjob?jk=3259e28d21f56288
2021 토스 전 계열사 대규모,비바리퍼블리카,서울 강남구,https://kr.indeed.com/viewjob?jk=39e99c8ed1d40a8f
2020 Customs & Foreign Trade Specialist,비테스코테크놀로지스코리아,경기도 이천,https://kr.indeed.com/viewjob?jk=7e4a30dc8d2bc1cf
"데이터 분석 및 컨설팅 분야 (Python, SAS, 빅데이터) 경력직",한국정보기술단,과천 과천시,https://kr.indeed.com/viewjob?jk=9fe4755841bec8ce
Lead Product Engineer - Liberate,Cadence Design Systems,경기도,https://kr.indeed.com/viewjob?jk=ffac42e32db26233
2021-2회 인지 및 사회성 연구단 선임연구원,기초과학연구원,대전,https://kr.indeed.com/viewjob?jk=e2af029a81ae7506
2021 Global Data Internship - Seoul (Korean Speaker),Bloomberg,서울,https://kr.indeed.com/viewjob?jk=18f62dc644a89e0c
Field Data Scientist,Success Korea,경기도,https://kr.indeed.com/viewjob?jk=2892c67308e87f01
[AI R&D] ML 엔지니어 모집,엔씨소프트,성남 판교역,https://kr.indeed.com/viewjob?jk=4f61daa017b07bae
대기업 CTO AI기술 확보 알고리즘 (박사급),에이치알 코리아,대한민국,https://kr.indeed.com/viewjob?jk=e4a0131f20aea2a8
NAVER IDC 서버 운영/관리(춘천),NIT Service,춘천 동면,https://kr.indeed.com/viewjob?jk=de567c4b6b588c4c
Customer Operations Engineering Manager,Success Korea,대한민국,https://kr.indeed.com/viewjob?jk=8a15326f80e07c08
[AI R&D] 데이터 엔지니어 모집,엔씨소프트,성남 판교역,https://kr.indeed.com/viewjob?jk=11fa90db108dc242
자동차업무팀 자동차상품파트(신입) Associate 채용,AXA손해보험,서울 갈월동,https://kr.indeed.com/viewjob?jk=6876f9db4384c69b
qe 소프트웨어 엔지니어,에이치알 코리아,대한민국,https://kr.indeed.com/viewjob?jk=85687b250386c4be
"Field Applications Engineer, Audio",Dolby,서울,https://kr.indeed.com/viewjob?jk=7cb5c3076d1701db
SW Engineer for R&D Extension Korea,Applied Materials Inc.,경기도 화성,https://kr.indeed.com/viewjob?jk=fb3395b4ba6b4f61
지표구축,아프리카TV,경기도 성남,https://kr.indeed.com/viewjob?jk=e0e37aaebc73dde3
보안,NHN,성남 판교역,https://kr.indeed.com/viewjob?jk=810816c790317a08
Developer / Designer recruit,마이뮤직테이스트,서울 논현동,https://kr.indeed.com/viewjob?jk=55a19c92c845685e
Deep Learning R&D Engineer,Intel,서울,https://kr.indeed.com/viewjob?jk=e4f1914b34f03ca2
Consultant - Identity & Security,Microsoft,대한민국,https://kr.indeed.com/viewjob?jk=f71d35f5dff01c45
[카카오커머스] 기술직군,카카오커머스,성남 분당구,https://kr.indeed.com/viewjob?jk=52f8fb3f7e662c5d
솔루션 개발자 채용,한화그룹,서울,https://kr.indeed.com/viewjob?jk=ddd1f037549e47a2
패시브솔루션본부 퀀트운용팀 경력직,엔에이치아문디자산운용,대한민국,https://kr.indeed.com/viewjob?jk=692a9a4e6a42c7d6
[진행중]우리은행 빅데이터사업부 전문직(데이터 분석가(ML/DL)) 채용공고,우리은행,서울 회현동,https://kr.indeed.com/viewjob?jk=0cfd614dbcdb6e6c
빅데이터·AI기반 산업혁신인재 양성 및 고용,재단법인 부산정보산업진흥원,부산 해운대구,https://kr.indeed.com/viewjob?jk=7c6f0b59291cedfb
Principal Solutions Integration Developer,Nuance,서울,https://kr.indeed.com/viewjob?jk=0fb5acdbc8a15af9
정보보안 담당자,Nexon,성남 분당구,https://kr.indeed.com/viewjob?jk=eeb9fe1c361f0758
[Janssen] Data Scientist,Johnson & Johnson Family of Companies,서울,https://kr.indeed.com/viewjob?jk=4bd70fb8a220d90d
동아대학교 미디어디바이스연구센터 S/W Engineer 연구원,동아대학교 산학협력단,부산 사하구,https://kr.indeed.com/viewjob?jk=b7f5c346f5420031
신규서비스 프로덕션 - Python django 웹 개발자,후씨,서울 서초구,https://kr.indeed.com/viewjob?jk=ed956a819995ea40
소형전지사업부/기술혁신센터,삼성SDI,충청남도 천안,https://kr.indeed.com/viewjob?jk=089931931a0474d5
지스트 블록체인인터넷경제연구센터 계약직(연구원),광주과학기술원,광주 북구,https://kr.indeed.com/viewjob?jk=cd2ef993ee5c8d3f
함께 성장할 S/W개발자 모집합니다.,주식회사 유락,전라북도 완주,https://kr.indeed.com/viewjob?jk=a29697c08fc49a56
홈플랫폼추진단 경력사원,LG유플러스,서울,https://kr.indeed.com/viewjob?jk=b6a63d1fa841d4ce
플랫폼쉴드 시스템 개발,Nexon,성남 분당구,https://kr.indeed.com/viewjob?jk=b2661d357cf26c8f
Software Developer,Korea Trade center,대한민국,https://kr.indeed.com/viewjob?jk=90a5f45a5c0247e3
2021년 지역주도형 일자리사업「4차 산업혁명 IT인력 일자리창출 지원」인공지능 솔루션 개발 분야,라젠,광주 서구,https://kr.indeed.com/viewjob?jk=85ec5ad4632325c2
NAVER IDC 서버 운영/관리(평촌/부산),NIT Service,안양 동안구,https://kr.indeed.com/viewjob?jk=18b288e9021d899f
cctv영상처리 s/w 개발자,삼성g2b,부산 부산진구,https://kr.indeed.com/viewjob?jk=da4542ce5a1010ab
2021 Market Data Analyst - Seoul,Bloomberg,서울,https://kr.indeed.com/viewjob?jk=5b73d7ce16a8338a
DGIST 동반진단의료기술융합연구실 계약직 연구원 공개 초빙 공고,대구경북과학기술원,대구 현풍면,https://kr.indeed.com/viewjob?jk=cb32ed51c4e0c7ad
리서치분야 경력직,케이지제로인,대한민국,https://kr.indeed.com/viewjob?jk=2238a8f7a38080f3
자산운용부 경력직원,신영증권,대한민국,https://kr.indeed.com/viewjob?jk=035b77ebdace91f1
추천 시스템 소프트웨어 엔지니어,카카오,성남 판교역,https://kr.indeed.com/viewjob?jk=07375dc4e800dfa9
(주)아이옵스 소프트웨어 개발자 경력직,아이옵스,대전 유성구,https://kr.indeed.com/viewjob?jk=299810388371b791
21년 전문연구요원 (AI엔지니어),Nexon,성남 분당구,https://kr.indeed.com/viewjob?jk=69ab0f58743cb713
리서치분야 석사이상 경력직,케이지제로인,대한민국,https://kr.indeed.com/viewjob?jk=b602108c31558329
엔지니어,키사이트테크놀로지스,서울,https://kr.indeed.com/viewjob?jk=f0ebe714bb940da2
2019 Military Service Exemption Position Available at the IBS CMCM (Synthetic Organic/Polymer Chemistry OR Theoretical Study of Carbon and Related Materials),울산과학기술원,울산 언양읍,https://kr.indeed.com/viewjob?jk=8becbf73bbda7c96
머신러닝/딥러닝 연구 개발,NHN,성남 판교역,https://kr.indeed.com/viewjob?jk=7e5d96b07d5edef0
2021-1회 인지 및 사회성 연구단 연구원 및 박사후연구원,기초과학연구원,대전,https://kr.indeed.com/viewjob?jk=fbdab97981902888
Modem QA Contractor,聯發科技,경기도 성남,https://kr.indeed.com/viewjob?jk=bd5ce1a809ec610a
[웹젠] 보안솔루션 운영(경력),웹젠,성남 분당구,https://kr.indeed.com/viewjob?jk=c74b8591c7e59774
[개발자] 꿈 찾아드립니다. 저희와 함께하세요.,ICON,서울,https://kr.indeed.com/viewjob?jk=7e94b666d8fbe2d0
소프트웨어 부문,맥시멈코퍼레이션,경상남도 진주,https://kr.indeed.com/viewjob?jk=8df5412c2beb197f
[AI R&D] 플랫폼 개발 엔지니어 모집,엔씨소프트,성남 판교역,https://kr.indeed.com/viewjob?jk=52d863eb7e90b1af
데이터 분야 경력,LG CNS,서울,https://kr.indeed.com/viewjob?jk=010d38b18b07b6bb
Junior Quant Trader,Byzantine Partners,서울,https://kr.indeed.com/viewjob?jk=25725b3c0e607311
"R&D Engineer, Sr I",Synopsys,서울,https://kr.indeed.com/viewjob?jk=4a65a5779d9c9e2a
[L'Oreal Korea] IT Business Analyst,L'Oreal,서울,https://kr.indeed.com/viewjob?jk=db26147e9223e38a
Back-end Engineer (Python),Soomgo,서울 강남구,https://kr.indeed.com/viewjob?jk=752a4b5d63eac97c
Senior Solutions Engineer,Confluent,서울,https://kr.indeed.com/viewjob?jk=6a399a2c059ebbb1
DGIST 제2차 계약직 연구원 채용공고,대구경북과학기술원,대구 현풍면,https://kr.indeed.com/viewjob?jk=2cfd15907402c5cc
메시지발송 플랫폼 개발자,Nexon,성남 분당구,https://kr.indeed.com/viewjob?jk=eaee1538d8cc832f
데이터 분석가 모집,카카오,성남 판교역,https://kr.indeed.com/viewjob?jk=092d062a6faa7139
Data Analytics SA,Amazon Web Services Korea LLC,서울,https://kr.indeed.com/viewjob?jk=9a818d9d91db847d
추천 시스템 연구/개발,카카오,성남 판교역,https://kr.indeed.com/viewjob?jk=be6c1f03fa566f8e
금융IT(UI/UX개발) 인재,에셋플러스자산운용,대한민국,https://kr.indeed.com/viewjob?jk=04751aa927de1b32
전기전자컴퓨터공학부(바이오컴퓨팅연구실) 위촉연구원,광주과학기술원,광주 북구,https://kr.indeed.com/viewjob?jk=98c2229e57d4ee1f
Customer Engineer,Microsoft,서울,https://kr.indeed.com/viewjob?jk=7d4bc2a107c6669b
[개발자] 꿈 찾아드립니다. 저희와 함께하세요.,ICON,서울,https://kr.indeed.com/viewjob?jk=7e94b666d8fbe2d0
[누구랑 라라랑] (주)라라와 함께할 웹프로그래머,라라,부산,https://kr.indeed.com/viewjob?jk=d29856ba80e4bc98
데이터 엔지니어 및 사이언티스트,카카오,성남 판교역,https://kr.indeed.com/viewjob?jk=d8a8869ab092f731
(주)신세계아이앤씨 경력사원 상시,신세계아이앤씨,서울 중구,https://kr.indeed.com/viewjob?jk=b5b88516a299bbb2
Python Programmer,Mofac,서울 서초구,https://kr.indeed.com/viewjob?jk=df21e3bb5d773616
"데이터 가치를 함께 발굴하실 머신러닝, 통계 모델링 전문가 모집",카카오,성남 판교역,https://kr.indeed.com/viewjob?jk=d1e75364ef505c68
Linux/Python/PHP/MySQL/백엔드 정규직 경력,일루미나리안,용인 보정동,https://kr.indeed.com/viewjob?jk=04d685fc70b67d4e
(주)테라젠바이오 데이터과제팀 계약직,테라젠바이오,수원 영통구,https://kr.indeed.com/viewjob?jk=b4c6146c52b4dc2b
[단기계약직] 인공지능 기술 개발을 위한 언어 데이터 구축자 모집,엔씨소프트,성남 판교역,https://kr.indeed.com/viewjob?jk=9ccd0db79695e27e
MongoDB Engineer 모집,카카오,성남 판교역,https://kr.indeed.com/viewjob?jk=2695294aea6dc3b6
추천 통계분석/데이터사이언티스트,카카오,성남 판교역,https://kr.indeed.com/viewjob?jk=bfe0f5ac4f32ec89
DGIST 동반진단의료기술융합연구실 계약직 연구원 공개 채용 공고,대구경북과학기술원,대구 현풍면,https://kr.indeed.com/viewjob?jk=776ccceeaf6fe02e
프론트엔드 개발자,스포카,부산 해운대구,https://kr.indeed.com/viewjob?jk=b4467fbe39a4f454
데이터 분석,아프리카TV,경기도 성남,https://kr.indeed.com/viewjob?jk=7fdcd7a7457b1e93
Network Consulting Engineer (Full Time) - Korea,Cisco Systems,서울,https://kr.indeed.com/viewjob?jk=57ad8caec6cd2123
Datacenter Engineer (강원도 춘천 근무),Oracle,서울,https://kr.indeed.com/viewjob?jk=e26f899b8accca1a
IT 개발자(백엔드) 경력직,스포츠데이터에볼루션,경기도 파주,https://kr.indeed.com/viewjob?jk=e15972f6e01cb7dc
Technical Specialist,Microsoft,서울,https://kr.indeed.com/viewjob?jk=f4c784e2cb1ecbbb
Software Technical Consulting Engineer Intern,Intel,서울,https://kr.indeed.com/viewjob?jk=1042787aa4b5c20d
"Senior Staff Engineer, FAE Samsung",ams,서울,https://kr.indeed.com/viewjob?jk=f8fcba2c93fcc52a
데이터 사이언티스트 모집,카카오,성남 판교역,https://kr.indeed.com/viewjob?jk=0064deb5fa9cbce0
큐니온 신입 및 경력직 연구원,큐니온,대전 유성구,https://kr.indeed.com/viewjob?jk=9229c9c7499479a6
Healthcare Real World Data Analyst 담당자,IQVIA,서울,https://kr.indeed.com/viewjob?jk=a746de9c7a6168ef
DGIST HumanLAB(인간중심지능형시스템연구실) 연수연구원 채용 공고,대구경북과학기술원,대구 현풍면,https://kr.indeed.com/viewjob?jk=54ce47c4db974112
[취업연계교육]전액무료 IT교육받고 취업하자,휴먼교육센터,청주 흥덕구,https://kr.indeed.com/viewjob?jk=ce3e13c2bc8da256
NAVER IDC 서버 운영/관리(가산),NIT Service,서울 가산동,https://kr.indeed.com/viewjob?jk=70fccff4d30cb6bf
기술 인턴 인공지능 응용 연구/개발 인턴,써로마인드로보틱스,서울 관악구,https://kr.indeed.com/viewjob?jk=71c47ac87bb4087e
Support Engineer _ Developer Support,Microsoft,서울,https://kr.indeed.com/viewjob?jk=7449dd28faebd96c
Korea ODP Cloud Engineer Customer Experience,Oracle,대한민국,https://kr.indeed.com/viewjob?jk=d90a0666c61d6651
DATA ENGINEER,Cobblestone Energy,서울,https://kr.indeed.com/viewjob?jk=ed3cb0c04f6d8345
[Search] Knowledge Base Applications (신입),네이버,서울,https://kr.indeed.com/viewjob?jk=23dfc13905f7fcc0
데이터 분석/처리 플랫폼 개발,NHN,성남 판교역,https://kr.indeed.com/viewjob?jk=46975ee759c13b8a
Sr. Manager for Logistics digital transformation,Thermo Fisher Scientific,서울,https://kr.indeed.com/viewjob?jk=18ed6f92a291d134
Data Science 컨설턴트 - 글로벌 컨설팅펌,에스에프인촌,서울 서초구,https://kr.indeed.com/viewjob?jk=f71d1feb0fe5c6b1
"네모파트너즈비에이 데이터 분석가 신입,경력",네모파트너즈비에이,서울 영등포구,https://kr.indeed.com/viewjob?jk=3fbbb0a082dd1ff9
(주)넷타겟 연구원 (웹프론트엔드 개발자),넷타겟,대전 유성구,https://kr.indeed.com/viewjob?jk=0feb2770202a5be1
게임이상탐지 분석/개발,Nexon,성남 분당구,https://kr.indeed.com/viewjob?jk=4ec305f59ce64060
DGIST 동반진단의료기술융합연구실 계약직 연구원 채용 공고,대구경북과학기술원,대구 현풍면,https://kr.indeed.com/viewjob?jk=db55ee61f98e6816
Application Engineer ( Silicondash),Synopsys,서울,https://kr.indeed.com/viewjob?jk=3c516818303c4d51
"MVP 개발 엔지니어(서버, 웹프론트) (정규직, 계약직, 프리랜서)",더테스터,대전 중구,https://kr.indeed.com/viewjob?jk=1748baa27965fdbf
"Technical Solutions Engineer, Wear OS (English, Korean)",Google,서울,https://kr.indeed.com/viewjob?jk=b966810974ac84da
[공통기술부문] AI / ML 엔지니어 (3년 이상),우아한 형제들,서울 송파구,https://kr.indeed.com/viewjob?jk=beaf31828719882c
"인공지능(AI), 머신러닝(ML) 외 신입/경력 정규직",시스메틱,서울 영등포구,https://kr.indeed.com/viewjob?jk=0b2f8d9e4a9f23fc
"금융 데이터 분석 엔진, 로보어드바이저 개발자",에스비씨엔,서울 영등포구,https://kr.indeed.com/viewjob?jk=649ccf047c868778
Solutions Architect II,Amazon Web Services Korea LLC,서울,https://kr.indeed.com/viewjob?jk=16bd25f1d38cb69c
[기업부설연구소] SW 개발 정규직,다스코포레이션,경상북도 구미,https://kr.indeed.com/viewjob?jk=1a9d977884069bda
머신러닝 개발,Nexon,성남 분당구,https://kr.indeed.com/viewjob?jk=a1d687cd59776360
[라젠][청년디지털일자리지원사업] 빅데이터 수집 및 정보처리,라젠,광주 화정동,https://kr.indeed.com/viewjob?jk=8291f4cc1fc52912
전문연구요원 (병역특례) 수시 (AI / HW 분야),딥엑스,성남 분당구,https://kr.indeed.com/viewjob?jk=78e99625e5de3c95
Machine Learning Research - Speech Recognition,Qualcomm Korea YH,서울,https://kr.indeed.com/viewjob?jk=19b7736d5aa3f7e5
iOS 개발자,스포카,부산 해운대구,https://kr.indeed.com/viewjob?jk=66974b016ef65549
각 분야별 인재 Pool 등록,지투알,서울,https://kr.indeed.com/viewjob?jk=e631d46f39019d13
백엔드 엔지니어 (전문연구요원 가능),버즈니,서울,https://kr.indeed.com/viewjob?jk=cea8db2153898382
매칭 데이터분석,Nexon,성남 분당구,https://kr.indeed.com/viewjob?jk=15edcadd124ad99a
기후 분석&모델링연구실 시간제연구원,광주과학기술원,광주 북구,https://kr.indeed.com/viewjob?jk=78d1ec77f4a5e0dc
콘텐츠서비스개발- 데이터엔지니어,Nexon,성남 분당구,https://kr.indeed.com/viewjob?jk=a4b72e38fb50bde0
블록체인인터넷경제연구센터 위촉연구원,광주과학기술원,광주 북구,https://kr.indeed.com/viewjob?jk=e514745768281aba
경험최적화파트 - 머신러닝 엔지니어,Nexon,성남 분당구,https://kr.indeed.com/viewjob?jk=7bf179a290a157b2
지구·환경공학부 환경시스템공학 연구실 위촉연구원,광주과학기술원,광주 북구,https://kr.indeed.com/viewjob?jk=d425b24146af3fa1
[인재풀] 아티스트,Electronic Arts,서울,https://kr.indeed.com/viewjob?jk=aac8e9355cb855ac
Developer (개발자),Coinplug,경기도 성남,https://kr.indeed.com/viewjob?jk=b7be58e7af38d186
DGIST-ETH 마이크로로봇연구센터 계약직 연구원 공개 초빙 공고,대구경북과학기술원,대구 현풍면,https://kr.indeed.com/viewjob?jk=9d1d9fcf2b97a012
Application Engineer Consultant - HAV,Mentor Graphics (Korea) LLC,경기도 성남,https://kr.indeed.com/viewjob?jk=f4750c486cc78516
Software Development Engineer,Mentor Graphics (Korea) LLC,경기도 성남,https://kr.indeed.com/viewjob?jk=914578ba5310e818
기술영업(신입/경력),에이치알 코리아,대한민국,https://kr.indeed.com/viewjob?jk=9fa9d498506f86aa
TOAST Cloud 운영 및 기술지원,NHN,성남 판교역,https://kr.indeed.com/viewjob?jk=ad07d6a330fb619a
금융 AI 기술 연구 개발자 모집,엔씨소프트,성남 판교역,https://kr.indeed.com/viewjob?jk=e7346aa4ba6c1633
[AI Lab] AI 백엔드 엔지니어 (전문연구요원 가능),버즈니,서울,https://kr.indeed.com/viewjob?jk=dbe3257e487e5814
[전문연구요원] AI R&D - Langauge AI,엔씨소프트,성남 판교역,https://kr.indeed.com/viewjob?jk=bf1fca00c4f999e3
시스템 엔지니어링,NHN,성남 판교역,https://kr.indeed.com/viewjob?jk=5cb14c0712a6c4c1
Data Analyst,Toss,서울 강남구,https://kr.indeed.com/viewjob?jk=e393fa440b668be7
데이터 사이언티스트를 지향하는 데이터 엔지니어 모집,카카오,성남 판교역,https://kr.indeed.com/viewjob?jk=385c58c7ced1d77b
"[Search] 파파고 머신러닝(자연어처리, 컴퓨터비전) 엔지니어",네이버,서울,https://kr.indeed.com/viewjob?jk=c6f624615d1e3da4
개인화메시징,Nexon,성남 분당구,https://kr.indeed.com/viewjob?jk=c52f854a9841881c
MI(Market Intelligence)담당 마케팅 전략 경력사원,LG전자,서울 영등포구,https://kr.indeed.com/viewjob?jk=54e0d08c99dcf507
Business Data Analyst,Soomgo,서울 강남구,https://kr.indeed.com/viewjob?jk=166aa0c72e94a266
Data Engineer(신입),PUBG,서울,https://kr.indeed.com/viewjob?jk=210243e0776dc26f
Data Scientist(CSS 모델링),Toss,서울 강남구,https://kr.indeed.com/viewjob?jk=3933762f9f06df56
Data Scientist,Toss,서울 강남구,https://kr.indeed.com/viewjob?jk=7af6301dc691d3ab
DGIST 미래자동차융합연구센터 계약직 연구원 및 연수연구원 공개 초빙 공고,대구경북과학기술원,대구 현풍면,https://kr.indeed.com/viewjob?jk=74cf47be676133ff
[취업연계 무료교육] 차세대 스마트공장 현장 엔지니어 전문가 양성과정 수강생,한국산업기술협회,서울 금천구,https://kr.indeed.com/viewjob?jk=5c88acd09f153fc3
Security Engineer (모의해킹/취약점 점검),Toss,서울 강남구,https://kr.indeed.com/viewjob?jk=241ae1e7499c461c
사회복지법인 아이들과미래재단 사업본부 직원 (~02.09),아이들과미래재단,서울 동작구,https://kr.indeed.com/viewjob?jk=96f91c6618c0da6c
AI 분석 개발 경력자,토니서치,성남 분당구,https://kr.indeed.com/viewjob?jk=8ee4ab813459185c
Linux C / Python 서버개발자,이지스케이,서울 강남구,https://kr.indeed.com/viewjob?jk=06ffc4ebbe053ff5
"[정규직] 데이터 사이언스 (생명정보학, 화학정보학, 기계학습)",카이팜,서울 서대문구,https://kr.indeed.com/viewjob?jk=b6712899b21c90a9
GNI 소프트웨어 개발자,KAN,울산 북구,https://kr.indeed.com/viewjob?jk=b2ebc1da56d8b120
[상시 ] Data Scientist (대리급/과-차장급/정규직),라이나생명보험,서울 종로구,https://kr.indeed.com/viewjob?jk=e9ac1a8708b8e784
(주)신세계아이앤씨 AI/클라우드 부문 상시,신세계아이앤씨,서울 중구,https://kr.indeed.com/viewjob?jk=01296857655fc85f
[한국컴패션] 데이터분석가 정규직 #사무직,서울,서울 한남동,https://kr.indeed.com/viewjob?jk=e26ac1ed5ba1979a
생산기술연구팀 개발자 연구원,에이스트로닉스,대전 유성구,https://kr.indeed.com/viewjob?jk=3805907e10c94ad1
(주)에이테크와 함께할 솔루션 개발팀장/파트장,에이테크,울산 중구,https://kr.indeed.com/viewjob?jk=5702c02123c8bd42
Software Developer - Front-End / Back-End,AITRICS,서울,https://kr.indeed.com/viewjob?jk=5123207a169f90eb
백엔드 개발자,스포카,부산 해운대구,https://kr.indeed.com/viewjob?jk=8386e6ce6cf094c3
인프라 엔지니어,RIDI Corp,서울,https://kr.indeed.com/viewjob?jk=390d00ceeb84f2bd
데이터분석가,RIDI Corp,서울,https://kr.indeed.com/viewjob?jk=f4c228327a3847c3
Senior Data Scientist,Boston Consulting Group,서울,https://kr.indeed.com/viewjob?jk=77dfad5a778a94c2
DGIST 미래자동차융합연구센터 계약직 연구원 공개 초빙 공고,대구경북과학기술원,대구 현풍면,https://kr.indeed.com/viewjob?jk=403c866fc5f43cc3
머신러닝 엔지니어,제이앤제이글로벌컨설팅,성남 분당구,https://kr.indeed.com/viewjob?jk=98bcd93b1228e4b9
신한AI 인공지능(AI) 인력,신한에이아이,서울 영등포구,https://kr.indeed.com/viewjob?jk=a2b8aae664300392
인간중심 지능형 시스템 연구실 위촉연구원,광주과학기술원,광주 북구,https://kr.indeed.com/viewjob?jk=9fb50d6eec9e7045
챗봇 플랫폼 개발자 모집,카카오,성남 판교역,https://kr.indeed.com/viewjob?jk=20d40ee61adffeca
FPGA 플랫폼 엔지니어 (딥러닝 하드웨어 프로세서 개발),딥엑스,성남 분당구,https://kr.indeed.com/viewjob?jk=e5448ffc7d6ecf02
System Engineer,Toss,서울 강남구,https://kr.indeed.com/viewjob?jk=80dea8b8353c3ee0
파이썬 인공지능 알고리즘,와플,성남 분당구,https://kr.indeed.com/viewjob?jk=f354282695f32e53
대기업계열 화학사 DT전략수립 및 분석 (대리급),에이치알 코리아,대한민국,https://kr.indeed.com/viewjob?jk=7b7ce79c1063c703
Staff RFFE Production Test Engineer,Qualcomm Korea RFFE Limited,서울,https://kr.indeed.com/viewjob?jk=eed3a8831600f82e
2020년 하반기 영업/기획/마케팅/개발 부문,아우토크립트,서울 영등포구,https://kr.indeed.com/viewjob?jk=4e91309fc89e9534
Associate Solutions Architect,Amazon Web Services Korea LLC,서울,https://kr.indeed.com/viewjob?jk=94f4ff49978459bc
TOAST Cloud 사업기획/영업,NHN,성남 판교역,https://kr.indeed.com/viewjob?jk=6b86ea39985912b6
[조선해양/토목/기계] 엔지니어,포어시스,서울 마포구,https://kr.indeed.com/viewjob?jk=f70127e91faf757c
테크빌더팀 웹어플리케이션 개발자 (백앤드/프론트앤드),Nexon,성남 분당구,https://kr.indeed.com/viewjob?jk=9d9f5827c98272c9
Senior Financial Analyst,에이온코리아보험중개,서울 수하동,https://kr.indeed.com/viewjob?jk=d95946e8d5825989
DGIST 계약직 연구원 및 일반직원 초빙 공고,대구경북과학기술원,대구 현풍면,https://kr.indeed.com/viewjob?jk=65da831cb9d5a6b5
[데이터 플랫폼]데이터 엔지니어 (전문연구요원 가능),버즈니,서울,https://kr.indeed.com/viewjob?jk=ceb8243bc8ae3c35
카카오톡 안티어뷰징을 위한 데이터/백엔드 엔지니어 및 머신러닝 전문가 모집,카카오,성남 판교역,https://kr.indeed.com/viewjob?jk=9ab2041ab3380a21
AI 연구/개발 직군 모집,넷마블,서울 구로구,https://kr.indeed.com/viewjob?jk=481f953ccaa4bc96
카카오 광고 서비스 알고리즘 및 시스템 개발,카카오,성남 판교역,https://kr.indeed.com/viewjob?jk=afe92c03320fe1b3
"Senior Analyst/ Manager, Pricing",Klook,서울,https://kr.indeed.com/viewjob?jk=3ca6b46c86ea9ba3
클라우드 엔지니어 (),NHN SOFT,성남 판교역,https://kr.indeed.com/viewjob?jk=8bcc7807085700a7
데이터 분석가,스포카,부산 해운대구,https://kr.indeed.com/viewjob?jk=90e77f4d6043c724
"Java, Python 영상툴 개발자",에이아이메이커,서울 마곡동,https://kr.indeed.com/viewjob?jk=cae2de07045cfb2b
차세대 광-무선 가입자망 연구센터 연구전담교수,광주과학기술원,광주 북구,https://kr.indeed.com/viewjob?jk=05439002712f8135
엔미디어플랫폼 데이터베이스 관리자 (DBA) 인재 안내,리더스소프트,성남 분당구,https://kr.indeed.com/viewjob?jk=d0ca27a97ddf91f9
[청년디지털일자리] 파이썬(Excel 활용) 업무 전자 부품 등록/관리,성호전자,서울 금천구,https://kr.indeed.com/viewjob?jk=9a0695002b7ffb96
DRE - Build Engineer,Success Korea,서울,https://kr.indeed.com/viewjob?jk=ee7e4f2e5d69f84c
인공지능 및 Python 개발자,이지스케이,서울 강남구,https://kr.indeed.com/viewjob?jk=186a8b83a77f65a1
에이쳐 인공지능(AI) 프로그래밍 교육 커리큘럼 기획 및 컨텐츠 개발,에이쳐,용인 처인구,https://kr.indeed.com/viewjob?jk=9051319e7dababb5
스크립트 개발 프로그래머,Nexon,성남 분당구,https://kr.indeed.com/viewjob?jk=d56db98820a1324c
에이테크 함께할 R&D연구원(석사),에이테크,울산 중구,https://kr.indeed.com/viewjob?jk=3d9767102d05d20c
"펌웨어, C·C++ 경력 계약직",아르비존,인천 연수구,https://kr.indeed.com/viewjob?jk=7a7e2f032c8599f9
(주)오픈시스넷 딥러닝 개발자 정규직,오픈시스넷,성남 분당구,https://kr.indeed.com/viewjob?jk=9e7d971022cdf5a1
퍼즐데이터 역량있는 데이터 분석가,주식회사퍼즐데이터,서울 역삼동,https://kr.indeed.com/viewjob?jk=116009dbf59211ed
Data Scientist,Soomgo,서울 강남구,https://kr.indeed.com/viewjob?jk=917cc06120add6e1
Internal Infra Engineer,Toss,서울 강남구,https://kr.indeed.com/viewjob?jk=741cc6ac364ea9be
2021년 1월 신입/경력,나이스피앤아이,서울 여의도,https://kr.indeed.com/viewjob?jk=f9e6818f9892abd5
[공통기술부문] 클라우드 엔지니어 (3년 이상),우아한 형제들,서울 송파구,https://kr.indeed.com/viewjob?jk=96f799b6772a2fc8
BI기획팀 BI기획 담당자,게임빌,서울 금천구,https://kr.indeed.com/viewjob?jk=2e5062f00e1dcdaa
Software Architecture 설계 엔지니어,딥엑스,성남 분당구,https://kr.indeed.com/viewjob?jk=7df915e1f0f86b2d
[웹젠] 게임보안(경력),웹젠,성남 분당구,https://kr.indeed.com/viewjob?jk=4ec7c9f47a7bae7f
"Pre Sales AE, Expert",Keysight Technologies,서울,https://kr.indeed.com/viewjob?jk=e646273cb91744c6
네트워크 엔지니어,Nexon,성남 분당구,https://kr.indeed.com/viewjob?jk=77b4c2f36acac43b
